count,price,description,id,imageurl,title
10,520,"Hi, my name is Harry, and I’m looking for a new home for my dog, Henry. Henry is a great dog and I’m so sad to let him go, but I’m moving overseas and won’t be able to take him with me.",8,https://picsum.photos/id/237/300/200,Nice Black Dog
10,2900,"Molly Weasley: ""Your sons flew that car to Harry’s house and back last night! What have you got to say about that, eh?"" ... Fred, George, and Ron Weasley flying to the Burrow after rescuing Harry Potter from 4 Privet Drive. The Flying Ford Anglia was used on 3 August 1992 by Fred, George, and Ron Weasley to rescue Harry Potter, who was locked up in his room at the Dursleys' and had been unable to receive any mail from the Wizarding community as a result of Dobby's attempts to protect him.",9,https://picsum.photos/id/1071/300/200,Flying car
10,15,This is a thing to drive all day then you are young.,10,https://picsum.photos/id/146/300/200,Old Bicycle
10,315,"The MacBook is a brand of Macintosh laptop computers designed and marketed by Apple Inc. that use Apple's macOS operating system since 2006. It replaced the PowerBook and iBook brands during the Mac transition to Intel processors, announced in 2005. The current lineup consists of the MacBook Air (2008–present) and the MacBook Pro (2006–present). Two different lines simply named ""MacBook"" existed from 2006 to 2012 and 2015 to 2019.",11,https://picsum.photos/id/119/300/200,My School Mac
10,190,The cat loves to play and catch mice,16,https://c.wallhere.com/photos/15/4f/2560x1600_px_brick_cat_red_wall-1909581.jpg!s,Kind Cat
10,101,"It rolls cool, very fun. Used to play scooter polo.",18,https://cdn1.riastatic.com/photosnew/general/adv_photos/children-goods-samokat-micro-rocket-goluboy__102281036b.jpg,Scooter
10,100,Nice speedy stable broomstick. Almost new. Sold due to upgrading to newer model.,19,https://static.turbosquid.com/Preview/2015/11/25__13_03_50/Broom.jpgbafea61d-4912-4487-b575-415aeb9974c8Res300.jpg,Broomstick
10,1200,Powerful magic tool. Can make strong spells. Really good.,20,https://media.nauticamilanonline.com/product/varita-magica-harry-potter-hechizos-800x800.jpg,Magic wand
10,20,"My glasses. No need anymore, now I can see well.",21,https://i5.walmartimages.com/asr/0e4ad746-ba16-4da5-8434-f7ef2a92a242_1.2ea6df67360131a23007f323713e06e9.jpeg,Glasses
10,200,Fast golden snitch. It took a lot of efforts to get it. Take it!,22,https://quizshow.online/aa/wp-content/uploads/2018/11/1449352178150683822.jpg,Snitch
